period,horizon_days,model,observations,test_start,test_end,mae_cop,rmse_cop,mean_error_cop,directional_accuracy,mase_vs_random_walk,skill_vs_random_walk_pct
2024,15,elastic_net,142,2024-06-17,2024-12-31,71.95399444502456,90.61291185200292,-12.769524418173699,0.5352112676056338,0.9973807103651289,0.2619289634871125
2025,15,elastic_net,261,2025-01-01,2025-12-31,67.61914929056776,84.39324545773269,28.33531256736247,0.47126436781609193,1.0004221927050216,-0.04221927050216401
2026,15,elastic_net,97,2026-01-01,2026-05-15,67.74592152386387,84.0371170016411,1.1002934251369205,0.5567010309278351,1.0053691847960136,-0.536918479601356
2024,15,ridge,142,2024-06-17,2024-12-31,73.61805125417678,93.06318086989465,-31.153099055949344,0.528169014084507,1.0204468121875683,-2.0446812187568275
2025,15,ridge,261,2025-01-01,2025-12-31,64.415164238484,82.59118232243421,14.978394129936792,0.5977011494252874,0.9530193817434991,4.698061825650091
2026,15,ridge,97,2026-01-01,2026-05-15,65.63655029879294,84.11555130481142,-7.622813277987935,0.5876288659793815,0.9740655021346933,2.593449786530666
2024,15,huber,142,2024-06-17,2024-12-31,78.50204938576633,98.37158779635263,-17.433385712458403,0.5352112676056338,1.0881457017833156,-8.81457017833156
2025,15,huber,261,2025-01-01,2025-12-31,67.71826206528117,85.99917260601238,14.284545542002403,0.5210727969348659,1.0018885616322288,-0.18885616322288357
2026,15,huber,97,2026-01-01,2026-05-15,63.70132790154384,85.86475622480656,-19.758511116613544,0.6185567010309279,0.9453462387435243,5.46537612564757
2024,15,gradient_boosting,142,2024-06-17,2024-12-31,83.3114422033134,103.89006831359582,-54.2360154133676,0.4225352112676056,1.1548104597552304,-15.481045975523045
2025,15,gradient_boosting,261,2025-01-01,2025-12-31,71.16745728580845,91.63962346951831,21.425406860710105,0.5938697318007663,1.052919245717882,-5.291924571788198
2026,15,gradient_boosting,97,2026-01-01,2026-05-15,67.25380921523742,82.93434582054887,8.5826880498009,0.5876288659793815,0.9980660949653205,0.1933905034679495
2024,15,regime_ridge,142,2024-06-17,2024-12-31,79.3226698599918,100.51134146602392,-36.95008442578065,0.43661971830985913,1.0995206231874153,-9.952062318741529
2025,15,regime_ridge,261,2025-01-01,2025-12-31,66.8366402542905,85.47604175835865,20.28061761149187,0.5823754789272031,0.988845007631012,1.1154992368987982
2026,15,regime_ridge,97,2026-01-01,2026-05-15,71.65257119686765,91.5443702231682,-6.758638399421989,0.4948453608247423,1.0633450025084923,-6.334500250849229
2024,15,ensemble_equal,142,2024-06-17,2024-12-31,74.72692860331017,94.11366187332759,-30.58413473849284,0.49295774647887325,1.035817367869942,-3.581736786994205
2025,15,ensemble_equal,261,2025-01-01,2025-12-31,66.31136980173116,84.18911173558783,19.82244450476942,0.5708812260536399,0.9810736555299309,1.8926344470069134
2026,15,ensemble_equal,97,2026-01-01,2026-05-15,66.40169074016757,84.51298932792646,-4.920241983270087,0.5876288659793815,0.9854204088876896,1.4579591112310442
2024,15,random_walk,142,2024-06-17,2024-12-31,72.14295774647886,91.08448633386601,-17.382394366197158,0.0,1.0,0.0
2025,15,random_walk,261,2025-01-01,2025-12-31,67.5906130268199,84.34951236609767,26.376973180076632,0.0,1.0,0.0
2026,15,random_walk,97,2026-01-01,2026-05-15,67.38412371134025,83.27792672979062,2.9290721649484195,0.0,1.0,0.0
2024,15,carry,142,2024-06-17,2024-12-31,71.72583610996348,90.00982558477702,-8.888778356619843,0.5563380281690141,0.9942181239923485,0.5781876007651454
2025,15,carry,261,2025-01-01,2025-12-31,70.46337663010783,87.1165378204629,34.06332923545203,0.32950191570881227,1.0425024049145408,-4.250240491454083
2026,15,carry,97,2026-01-01,2026-05-15,69.67376673316348,83.99119718372961,12.239554750947184,0.38144329896907214,1.0339789685717602,-3.3978968571760193
2024,30,elastic_net,142,2024-06-17,2024-12-31,87.74473606327105,110.35673165320738,-23.209216399042703,0.5985915492957746,0.999644783771134,0.03552162288660288
2025,30,elastic_net,261,2025-01-01,2025-12-31,104.44610390604387,121.81533474603428,64.54629047649706,0.2720306513409962,1.0601455059441662,-6.014550594416623
2026,30,elastic_net,97,2026-01-01,2026-05-15,91.15884455691813,112.12836832604435,25.279240472532056,0.4639175257731959,1.0113005995266315,-1.1300599526631538
2024,30,ridge,142,2024-06-17,2024-12-31,116.91331616515363,145.51948148251168,-92.31980209014051,0.4014084507042254,1.3319521136129149,-33.195211361291484
2025,30,ridge,261,2025-01-01,2025-12-31,81.09127090874149,101.41123776991145,4.314651224677618,0.6934865900383141,0.8230900264363862,17.690997356361382
2026,30,ridge,97,2026-01-01,2026-05-15,87.53170435339463,106.26084125345903,-19.55770935068762,0.5463917525773195,0.9710617276956033,2.8938272304396717
2024,30,huber,142,2024-06-17,2024-12-31,127.92531494960585,157.37897521367034,-106.50775237980095,0.38028169014084506,1.4574079259802117,-45.74079259802117
2025,30,huber,261,2025-01-01,2025-12-31,82.03305588852605,102.8751355917336,-7.307113515827682,0.7164750957854407,0.8326493022403211,16.735069775967894
2026,30,huber,97,2026-01-01,2026-05-15,87.23498263662006,108.56612862244756,-40.57537381691586,0.5567010309278351,0.9677699478192213,3.223005218077868
2024,30,gradient_boosting,142,2024-06-17,2024-12-31,114.4664694872549,139.14279108831144,-76.96206395023405,0.3028169014084507,1.304076053714741,-30.40760537147409
2025,30,gradient_boosting,261,2025-01-01,2025-12-31,94.4508788839247,117.93120920787993,54.44679203085762,0.5747126436781609,0.9586922923553427,4.13077076446573
2026,30,gradient_boosting,97,2026-01-01,2026-05-15,87.9880012064707,107.64529419137837,23.077120944489003,0.5567010309278351,0.9761238067875537,2.3876193212446273
2024,30,regime_ridge,142,2024-06-17,2024-12-31,126.83433903685922,154.94389226927777,-72.4076058817828,0.39436619718309857,1.4449788227732603,-44.49788227732603
2025,30,regime_ridge,261,2025-01-01,2025-12-31,90.39875827770672,111.6776457281914,16.693208564069984,0.6360153256704981,0.9175625872771127,8.24374127228873
2026,30,regime_ridge,97,2026-01-01,2026-05-15,106.35738935681869,130.19636396417366,-18.03230327017926,0.41237113402061853,1.1799106509459958,-17.991065094599577
2024,30,ensemble_equal,142,2024-06-17,2024-12-31,106.80981869009655,134.96516719511587,-74.52915740226896,0.3873239436619718,1.216846535752349,-21.684653575234904
2025,30,ensemble_equal,261,2025-01-01,2025-12-31,84.4567009355311,102.65102506378399,26.310851582212894,0.6743295019157088,0.8572497067407858,14.275029325921418
2026,30,ensemble_equal,97,2026-01-01,2026-05-15,89.58892536277321,107.62530951829677,-6.131794338218936,0.4639175257731959,0.9938841850255042,0.6115814974495759
2024,30,random_walk,142,2024-06-17,2024-12-31,87.77591549295772,111.56839416906912,-33.128169014084484,0.0,1.0,0.0
2025,30,random_walk,261,2025-01-01,2025-12-31,98.52053639846741,115.65273029759109,52.14720306513409,0.0,1.0,0.0
2026,30,random_walk,97,2026-01-01,2026-05-15,90.14020618556704,110.1772174795969,15.25360824742268,0.0,1.0,0.0
2024,30,carry,142,2024-06-17,2024-12-31,86.2522658415361,108.07816483913602,-16.17624213495949,0.5985915492957746,0.9826415977222833,1.7358402277716678
2025,30,carry,261,2025-01-01,2025-12-31,105.99063716675954,123.4537260920736,67.49282554179831,0.2720306513409962,1.07582277808638,-7.582277808638005
2026,30,carry,97,2026-01-01,2026-05-15,92.28967035948085,114.31780141408217,33.84633085290343,0.4639175257731959,1.023845787189446,-2.3845787189445966
2024,45,elastic_net,142,2024-06-17,2024-12-31,121.46598754499061,141.41739222303448,-23.206230521353017,0.5985915492957746,0.9873344597613471,1.266554023865285
2025,45,elastic_net,261,2025-01-01,2025-12-31,125.71977678537156,148.45765372862257,91.69090419324966,0.23754789272030652,1.0889315576430285,-8.89315576430285
2026,45,elastic_net,97,2026-01-01,2026-05-15,94.66197443172919,132.41435880756265,53.42323890936047,0.5154639175257731,1.0110396467584304,-1.1039646758430388
2024,45,ridge,142,2024-06-17,2024-12-31,155.30552228321002,188.24979559844434,-128.61147323965065,0.39436619718309857,1.2623986108428167,-26.239861084281667
2025,45,ridge,261,2025-01-01,2025-12-31,97.70236687207316,119.02068757139119,8.133293043579505,0.6896551724137931,0.8462565975204361,15.374340247956386
2026,45,ridge,97,2026-01-01,2026-05-15,88.77192005893302,112.90918812431933,-5.697398394663285,0.5360824742268041,0.9481307699025538,5.186923009744615
2024,45,huber,142,2024-06-17,2024-12-31,164.91500138553477,199.84648327768141,-136.49588631279633,0.3873239436619718,1.3405091177414457,-34.050911774144566
2025,45,huber,261,2025-01-01,2025-12-31,97.86221610175429,120.48253923781287,7.519393956317092,0.6973180076628352,0.847641143970609,15.235885602939103
2026,45,huber,97,2026-01-01,2026-05-15,93.39797188662735,111.21169639341356,-34.31142195210072,0.5360824742268041,0.9975394351436474,0.24605648563525984
2024,45,gradient_boosting,142,2024-06-17,2024-12-31,155.12350357655905,183.00893907612314,-102.77212709975336,0.4014084507042254,1.2609190745131003,-26.091907451310025
2025,45,gradient_boosting,261,2025-01-01,2025-12-31,92.71171671342849,116.96867327344663,35.27271711304034,0.6896551724137931,0.8030296956768058,19.69703043231942
2026,45,gradient_boosting,97,2026-01-01,2026-05-15,89.066424144997,117.74357875779704,54.22238862281028,0.6391752577319587,0.9512762283501566,4.872377164984343
2024,45,regime_ridge,142,2024-06-17,2024-12-31,164.6310067395994,190.4937129993412,-90.38716980028396,0.3028169014084507,1.338200671517223,-33.8200671517223
2025,45,regime_ridge,261,2025-01-01,2025-12-31,106.26686181779117,126.23163315041236,31.846793245436537,0.6513409961685823,0.9204386320430405,7.9561367956959455
2026,45,regime_ridge,97,2026-01-01,2026-05-15,106.89857080865225,129.10817008870887,-17.858949824704787,0.5051546391752577,1.1417329283291873,-14.173292832918726
2024,45,ensemble_equal,142,2024-06-17,2024-12-31,143.75261297084162,173.23364825821787,-96.65799214160153,0.39436619718309857,1.1684909606014344,-16.84909606014344
2025,45,ensemble_equal,261,2025-01-01,2025-12-31,98.45477864382718,118.867912717132,34.65714192130344,0.6934865900383141,0.8527736702002884,14.722632979971163
2026,45,ensemble_equal,97,2026-01-01,2026-05-15,83.31618987116556,107.49038616922671,9.538326081463213,0.6082474226804123,0.889860703648782,11.0139296351218
2024,45,random_walk,142,2024-06-17,2024-12-31,123.02415492957743,143.8449364033132,-40.07105633802818,0.0,1.0,0.0
2025,45,random_walk,261,2025-01-01,2025-12-31,115.4524137931034,137.93594277627037,73.61639846743297,0.0,1.0,0.0
2026,45,random_walk,97,2026-01-01,2026-05-15,93.62835051546396,127.10575402469225,38.83742268041237,0.0,1.0,0.0
2024,45,carry,142,2024-06-17,2024-12-31,119.67170161620312,139.1193564573418,-14.69590304847843,0.5985915492957746,0.9727496334740657,2.7250366525934266
2025,45,carry,261,2025-01-01,2025-12-31,128.8684868260322,151.55868784697307,96.59434095210595,0.23754789272030652,1.1162043528771177,-11.620435287711771
2026,45,carry,97,2026-01-01,2026-05-15,98.53033961243919,139.2516030949023,66.68427106855978,0.5154639175257731,1.0523558203256567,-5.235582032565667
2024,60,elastic_net,142,2024-06-17,2024-12-31,158.51727369178315,181.48273388434603,-15.832770622908093,0.6126760563380281,0.983625057320525,1.6374942679475035
2025,60,elastic_net,261,2025-01-01,2025-12-31,143.96472196691565,163.99762935219553,113.62293272282659,0.19157088122605365,1.118640643404717,-11.864064340471693
2026,60,elastic_net,97,2026-01-01,2026-05-15,116.26835426639833,174.9770194746471,100.4187889855842,0.32989690721649484,1.0891196834666934,-8.91196834666934
2024,60,ridge,142,2024-06-17,2024-12-31,215.14054027851685,248.53720476771053,-169.58959344118387,0.3873239436619718,1.3349814902500068,-33.49814902500068
2025,60,ridge,261,2025-01-01,2025-12-31,103.30453453728984,124.88246287117427,12.928120019583604,0.7509578544061303,0.802701171527116,19.729882847288405
2026,60,ridge,97,2026-01-01,2026-05-15,107.01605707188489,146.15923779239637,41.83148907624408,0.6082474226804123,1.0024507093042159,-0.245070930421587
2024,60,huber,142,2024-06-17,2024-12-31,269.6597880389919,315.65921475190936,-227.91674940454422,0.3873239436619718,1.6732821495695656,-67.32821495695656
2025,60,huber,261,2025-01-01,2025-12-31,105.13442745575345,131.09828124063736,17.303089317053967,0.7203065134099617,0.8169198812478369,18.308011875216312
2026,60,huber,97,2026-01-01,2026-05-15,105.9778338515457,133.10103378441147,9.30241403706635,0.6494845360824743,0.9927253687140087,0.7274631285991262
2024,60,gradient_boosting,142,2024-06-17,2024-12-31,219.15330911348858,246.8645880259726,-58.66033995970432,0.15492957746478872,1.3598813632000528,-35.98813632000528
2025,60,gradient_boosting,261,2025-01-01,2025-12-31,112.11140660175843,135.30035604826395,90.55219724821197,0.6436781609195402,0.871132693485976,12.8867306514024
2026,60,gradient_boosting,97,2026-01-01,2026-05-15,216.0443974098427,301.5792150374779,172.82939120223523,0.4020618556701031,2.0237510645642796,-102.37510645642796
2024,60,regime_ridge,142,2024-06-17,2024-12-31,190.378877228291,213.9565472320271,-102.147152083487,0.4014084507042254,1.181331407392239,-18.133140739223897
2025,60,regime_ridge,261,2025-01-01,2025-12-31,112.30303414809957,131.67803684399743,43.1229625449643,0.7164750957854407,0.8726216857807854,12.737831421921463
2026,60,regime_ridge,97,2026-01-01,2026-05-15,105.82714105553123,144.94674398212902,3.272190410275208,0.6494845360824743,0.991313785215373,0.8686214784627055
2024,60,ensemble_equal,142,2024-06-17,2024-12-31,203.1071727816778,228.99853756915522,-115.7873599824961,0.38028169014084506,1.2603125187355744,-26.031251873557437
2025,60,ensemble_equal,261,2025-01-01,2025-12-31,105.13320636837312,124.83282179090861,55.0830180027276,0.7586206896551724,0.8169103931041157,18.308960689588428
2026,60,ensemble_equal,97,2026-01-01,2026-05-15,113.63993722384423,158.95091243013132,64.13606455532124,0.6082474226804123,1.064498532204451,-6.44985322044509
2024,60,random_walk,142,2024-06-17,2024-12-31,161.15619718309856,182.68255489613745,-38.69028169014084,0.0,1.0,0.0
2025,60,random_walk,261,2025-01-01,2025-12-31,128.69613026819923,148.35412075058164,89.50149425287357,0.0,1.0,0.0
2026,60,random_walk,97,2026-01-01,2026-05-15,106.75443298969076,164.61645303647288,81.13690721649485,0.0,1.0,0.0
2024,60,carry,142,2024-06-17,2024-12-31,154.60674404388976,178.92244144402088,-4.926767611871038,0.6126760563380281,0.9593595948918576,4.0640405108142375
2025,60,carry,261,2025-01-01,2025-12-31,148.49914022065542,168.5761432470881,120.08495254357494,0.19157088122605365,1.1538741678649331,-15.387416786493313
2026,60,carry,97,2026-01-01,2026-05-15,128.59421969685323,187.83072108988043,118.2098947037847,0.32989690721649484,1.2045796703287397,-20.45796703287397
