horizon_days,feature,driver_group,feature_value,standardized_value,coefficient,contribution_log_return,contribution_cop_approx,direction
15,policy_rate,rates_and_carry,12.0,1.4069789049326393,0.0,0.0,0.0,neutral
15,ibr_on,rates_and_carry,11.183,2.320991172849252,-0.0,-0.0,-0.0,neutral
15,reserves,external_flows,66957.39,1.6476289824040742,-0.0,-0.0,-0.0,neutral
15,tes_cop_1y,rates_and_carry,12.09,2.122367753402326,-0.0,-0.0,-0.0,neutral
15,tes_cop_5y,rates_and_carry,11.95,1.2862365368196262,-0.0,-0.0,-0.0,neutral
15,tes_cop_10y,rates_and_carry,11.84,0.9670343288025026,-0.0008030698857412471,-0.0007765961479392893,-2.5255760986748426,down
15,inflation,domestic_macro,6.14,0.212881474735455,0.0,0.0,0.0,neutral
15,current_account,external_flows,-1573.14,0.5231046753060593,-0.0005850066352154009,-0.0003060197059662426,-0.9952097459698772,down
15,sofr,rates_and_carry,3.63,1.0659406352611562,-0.0,-0.0,-0.0,neutral
15,vix,global_risk,16.5,-0.4180079058473609,0.0,-0.0,-0.0,neutral
15,broad_usd,global_risk,120.5046,1.2207219740625102,-0.0,-0.0,-0.0,neutral
15,brent,global_risk,69.56,0.12932344552699324,-0.0,-0.0,-0.0,neutral
15,treasury_2y,rates_and_carry,4.26,1.0251675539383809,0.0,0.0,0.0,neutral
15,treasury_10y,rates_and_carry,4.62,0.8987287878306328,0.0,0.0,0.0,neutral
15,trm_chg_1,technical_fx,3.2400000000002365,0.1377823916886726,0.0,0.0,0.0,neutral
15,trm_pct_1,technical_fx,0.0009972698199682828,0.12354672353816683,0.0,0.0,0.0,neutral
15,trm_pct_5,technical_fx,-0.02500074951281661,-1.4623224639113865,0.0,-0.0,-0.0,neutral
15,trm_z_60,technical_fx,-1.955349525403085,-1.3962361520453714,0.0,-0.0,-0.0,neutral
15,policy_rate_level,rates_and_carry,12.0,1.4069789049326393,0.0,0.0,0.0,neutral
15,policy_rate_chg_1,rates_and_carry,0.0,0.020633196968161942,0.0,0.0,0.0,neutral
15,policy_rate_pct_1,rates_and_carry,0.0,0.002419450547213793,0.0,0.0,0.0,neutral
15,policy_rate_pct_5,rates_and_carry,0.0,0.005410119231012852,0.0,0.0,0.0,neutral
15,policy_rate_z_60,rates_and_carry,2.0929173491365414,1.7367846602417571,-0.0,-0.0,-0.0,neutral
15,ibr_on_level,rates_and_carry,11.183,2.320991172849252,-0.0,-0.0,-0.0,neutral
15,ibr_on_chg_1,rates_and_carry,0.002000000000000668,0.03157272303317632,0.0,0.0,0.0,neutral
15,ibr_on_pct_1,rates_and_carry,0.0001788748770235049,0.00840091574940166,0.0,0.0,0.0,neutral
15,ibr_on_pct_5,rates_and_carry,-0.0007148601554821665,-0.04464575625442011,8.311840062232504e-05,-3.7108838544415646e-06,-0.012068202491867958,down
15,ibr_on_z_60,rates_and_carry,2.081320247768014,1.6259139663239113,0.0,0.0,0.0,neutral
15,reserves_level,external_flows,66957.39,1.6476289824040742,-0.0,-0.0,-0.0,neutral
15,reserves_chg_1,external_flows,0.0,-0.08283470718419905,-0.0,0.0,0.0,neutral
15,reserves_pct_1,external_flows,0.0,-0.07118128819031838,-0.0,0.0,0.0,neutral
15,reserves_pct_5,external_flows,0.0,-0.16099263103729497,-0.0,0.0,0.0,neutral
15,reserves_z_60,external_flows,-0.6993594824923999,-0.9231064460132627,0.0,-0.0,-0.0,neutral
15,tes_cop_1y_level,rates_and_carry,12.09,2.122367753402326,-0.0,-0.0,-0.0,neutral
15,tes_cop_1y_chg_1,rates_and_carry,0.0,-0.001395968442576413,0.0,-0.0,-0.0,neutral
15,tes_cop_1y_pct_1,rates_and_carry,0.0,-0.011947126188841696,-0.0,0.0,0.0,neutral
15,tes_cop_1y_pct_5,rates_and_carry,-0.00738916256157629,-0.0757744456478376,-0.0,0.0,0.0,neutral
15,tes_cop_1y_z_60,rates_and_carry,-1.2348998119421888,-0.9101389475007348,-0.0,0.0,0.0,neutral
15,tes_cop_5y_level,rates_and_carry,11.95,1.2862365368196262,-0.0,-0.0,-0.0,neutral
15,tes_cop_5y_chg_1,rates_and_carry,0.0,0.003822632721198053,0.0,0.0,0.0,neutral
15,tes_cop_5y_pct_1,rates_and_carry,0.0,-0.0037662528448946016,0.0004383524869557231,-1.650946301063616e-06,-0.005369058975151997,down
15,tes_cop_5y_pct_5,rates_and_carry,-0.011579818031430933,-0.39751097797673335,0.0,-0.0,-0.0,neutral
15,tes_cop_5y_z_60,rates_and_carry,-1.1978112016763174,-0.819822543973148,-0.0,0.0,0.0,neutral
15,tes_cop_10y_level,rates_and_carry,11.84,0.9670343288025026,-0.00014403027035909472,-0.00013928221582395014,-0.4529610869032265,down
15,tes_cop_10y_chg_1,rates_and_carry,0.0,0.0018459860642616017,0.0,0.0,0.0,neutral
15,tes_cop_10y_pct_1,rates_and_carry,0.0,-0.007025245552255398,0.0,-0.0,-0.0,neutral
15,tes_cop_10y_pct_5,rates_and_carry,-0.012510425354462118,-0.41236277741392274,0.0,-0.0,-0.0,neutral
15,tes_cop_10y_z_60,rates_and_carry,-1.1765532369147178,-0.867618507329007,-0.0,0.0,0.0,neutral
15,inflation_level,domestic_macro,6.14,0.212881474735455,0.0,0.0,0.0,neutral
15,inflation_chg_1,domestic_macro,0.0,0.014844041803100052,-0.0,-0.0,-0.0,neutral
15,inflation_pct_1,domestic_macro,0.0,-0.0017620995195175898,-0.0,0.0,0.0,neutral
15,inflation_pct_5,domestic_macro,0.0,-0.002866532954676246,-0.0,0.0,0.0,neutral
15,inflation_z_60,domestic_macro,1.9540779104343686,1.2621313413185926,-0.0,-0.0,-0.0,neutral
15,current_account_level,external_flows,-1573.14,0.5231046753060593,-4.03794315490834e-05,-2.112266942952652e-05,-0.0686932444784575,down
15,current_account_chg_1,external_flows,0.0,0.004698851454717843,-0.0,-0.0,-0.0,neutral
15,current_account_pct_1,external_flows,0.0,0.005332620729917923,0.0,0.0,0.0,neutral
15,current_account_pct_5,external_flows,0.0,0.0119247806758602,0.0,0.0,0.0,neutral
15,current_account_z_60,external_flows,,-0.06302570166304866,-0.0,0.0,0.0,neutral
15,sofr_level,rates_and_carry,3.63,1.0659406352611562,-0.0,-0.0,-0.0,neutral
15,sofr_chg_1,rates_and_carry,0.0,-0.0045349371982586215,-0.0,0.0,0.0,neutral
15,sofr_pct_1,rates_and_carry,0.0,-0.02977190987602848,-0.0,0.0,0.0,neutral
15,sofr_pct_5,rates_and_carry,0.013966480446927276,0.00695211737910515,-0.0,-0.0,-0.0,neutral
15,sofr_z_60,rates_and_carry,0.4513999876079178,0.2918801981525342,0.0,0.0,0.0,neutral
15,vix_level,global_risk,16.5,-0.4180079058473609,0.0,-0.0,-0.0,neutral
15,vix_chg_1,global_risk,0.0,0.0009072838904869082,0.0005630668012805957,5.108614380698777e-07,0.00166137759136143,up
15,vix_pct_1,global_risk,0.0,-0.03325649617917535,0.0,-0.0,-0.0,neutral
15,vix_pct_5,global_risk,-0.023668639053254337,-0.21934209155407294,0.0,-0.0,-0.0,neutral
15,vix_z_60,global_risk,-0.6266609512382498,-0.4377012846921916,0.0,-0.0,-0.0,neutral
15,broad_usd_level,global_risk,120.5046,1.2207219740625102,-0.0,-0.0,-0.0,neutral
15,broad_usd_chg_1,global_risk,0.0,-0.008833341173792541,0.0007557909642901023,-6.676159443644129e-06,-0.02171160488826951,down
15,broad_usd_pct_1,global_risk,0.0,-0.009953557727470383,0.0017892299500646112,-1.7809203595687057e-05,-0.05791748910556984,down
15,broad_usd_pct_5,global_risk,-0.0051687970101717,-0.7942159822705134,0.0,-0.0,-0.0,neutral
15,broad_usd_z_60,global_risk,0.9189796806794398,0.7408201973889267,0.0006472813347313149,0.00047951908616182065,1.5594488152977186,up
15,brent_level,global_risk,69.56,0.12932344552699324,-0.0,-0.0,-0.0,neutral
15,brent_chg_1,global_risk,0.0,-0.0054465244635280696,-0.0,0.0,0.0,neutral
15,brent_pct_1,global_risk,0.0,-0.02333235899732636,-0.0,0.0,0.0,neutral
15,brent_pct_5,global_risk,0.0,-0.052074134697569156,-0.0,0.0,0.0,neutral
15,brent_z_60,global_risk,-1.321540129215911,-1.1386110892075254,-0.0,0.0,0.0,neutral
15,treasury_2y_level,rates_and_carry,4.26,1.0251675539383809,0.0,0.0,0.0,neutral
15,treasury_2y_chg_1,rates_and_carry,0.0,0.002604119505347795,-0.0,-0.0,-0.0,neutral
15,treasury_2y_pct_1,rates_and_carry,0.0,-0.020955712130517966,0.0,-0.0,-0.0,neutral
15,treasury_2y_pct_5,rates_and_carry,0.01187648456057011,0.10112428845271162,0.0,0.0,0.0,neutral
15,treasury_2y_z_60,rates_and_carry,1.6236956978927362,1.1047231710303196,0.0,0.0,0.0,neutral
15,treasury_10y_level,rates_and_carry,4.62,0.8987287878306328,0.0,0.0,0.0,neutral
15,treasury_10y_chg_1,rates_and_carry,0.0,0.002103814533519644,0.0,0.0,0.0,neutral
15,treasury_10y_pct_1,rates_and_carry,0.0,-0.010137343075685836,-0.0,0.0,0.0,neutral
15,treasury_10y_pct_5,rates_and_carry,0.013157894736842257,0.25919916952255656,0.0,0.0,0.0,neutral
15,treasury_10y_z_60,rates_and_carry,1.7749511925570642,1.3071471135104429,0.0,0.0,0.0,neutral
15,trm_realized_vol_20,technical_fx,0.11479999148834791,0.3536811422504059,-0.0,-0.0,-0.0,neutral
15,trm_momentum_5,technical_fx,-0.025318576715680052,-1.478890413894066,0.0,-0.0,-0.0,neutral
15,trm_momentum_20,technical_fx,-0.05240165226070559,-1.5363167663404622,0.0,-0.0,-0.0,neutral
15,carry_spread_pp,rates_and_carry,7.553,2.9563672847529334,-0.0,-0.0,-0.0,neutral
15,carry_to_risk,rates_and_carry,65.79268780491698,2.619590411933637,-0.0,-0.0,-0.0,neutral
15,intercept,base_model,,1.0,0.001172709280962401,0.001172709280962401,3.813779579710634,up
30,policy_rate,rates_and_carry,12.0,1.40929976341044,0.0,0.0,0.0,neutral
30,ibr_on,rates_and_carry,11.183,2.3301489835310076,-0.0,-0.0,-0.0,neutral
30,reserves,external_flows,66957.39,1.652422532863361,-0.0,-0.0,-0.0,neutral
30,tes_cop_1y,rates_and_carry,12.09,2.1322842725404723,-0.0,-0.0,-0.0,neutral
30,tes_cop_5y,rates_and_carry,11.95,1.2901626866697318,-2.4440957401961495e-05,-3.153281126649511e-05,-0.10254817084788143,down
30,tes_cop_10y,rates_and_carry,11.84,0.9687217982305273,-0.0007597427676646486,-0.0007359793800847361,-2.3934859017673715,down
30,inflation,domestic_macro,6.14,0.21281006076734008,0.0,0.0,0.0,neutral
30,current_account,external_flows,-1573.14,0.5236192240886103,-0.00019496037232155807,-0.00010208499888304081,-0.3319916457175259,down
30,sofr,rates_and_carry,3.63,1.0737208155629763,-0.0,-0.0,-0.0,neutral
30,vix,global_risk,16.5,-0.4181309838092349,-0.0,0.0,0.0,neutral
30,broad_usd,global_risk,120.5046,1.2241244071003419,-0.0,-0.0,-0.0,neutral
30,brent,global_risk,69.56,0.129752204363456,0.0,0.0,0.0,neutral
30,treasury_2y,rates_and_carry,4.26,1.0265884142209591,0.0,0.0,0.0,neutral
30,treasury_10y,rates_and_carry,4.62,0.8996255915064798,0.0,0.0,0.0,neutral
30,trm_chg_1,technical_fx,3.2400000000002365,0.13757906994578778,0.0,0.0,0.0,neutral
30,trm_pct_1,technical_fx,0.0009972698199682828,0.1233340734034992,0.0,0.0,0.0,neutral
30,trm_pct_5,technical_fx,-0.02500074951281661,-1.4642245324510021,0.0,-0.0,-0.0,neutral
30,trm_z_60,technical_fx,-1.955349525403085,-1.3995823744788047,0.0,-0.0,-0.0,neutral
30,policy_rate_level,rates_and_carry,12.0,1.40929976341044,0.0,0.0,0.0,neutral
30,policy_rate_chg_1,rates_and_carry,0.0,0.020649133935213296,0.0,0.0,0.0,neutral
30,policy_rate_pct_1,rates_and_carry,0.0,0.002421318532190495,0.0,0.0,0.0,neutral
30,policy_rate_pct_5,rates_and_carry,0.0,0.005414296319223698,0.0,0.0,0.0,neutral
30,policy_rate_z_60,rates_and_carry,2.0929173491365414,1.7356550083807347,-0.0,-0.0,-0.0,neutral
30,ibr_on_level,rates_and_carry,11.183,2.3301489835310076,-0.0,-0.0,-0.0,neutral
30,ibr_on_chg_1,rates_and_carry,0.002000000000000668,0.03159788972019515,0.0,0.0,0.0,neutral
30,ibr_on_pct_1,rates_and_carry,0.0001788748770235049,0.0084090305712497,0.0,0.0,0.0,neutral
30,ibr_on_pct_5,rates_and_carry,-0.0007148601554821665,-0.04464543156654793,0.0,-0.0,-0.0,neutral
30,ibr_on_z_60,rates_and_carry,2.081320247768014,1.6253103709370726,0.0,0.0,0.0,neutral
30,reserves_level,external_flows,66957.39,1.652422532863361,-0.0,-0.0,-0.0,neutral
30,reserves_chg_1,external_flows,0.0,-0.0832034699905506,-0.0,0.0,0.0,neutral
30,reserves_pct_1,external_flows,0.0,-0.07133882896507679,-0.0,0.0,0.0,neutral
30,reserves_pct_5,external_flows,0.0,-0.1611673404717273,-0.0,0.0,0.0,neutral
30,reserves_z_60,external_flows,-0.6993594824923999,-0.9224407908216812,0.0,-0.0,-0.0,neutral
30,tes_cop_1y_level,rates_and_carry,12.09,2.1322842725404723,-0.0,-0.0,-0.0,neutral
30,tes_cop_1y_chg_1,rates_and_carry,0.0,-0.0015732664831703627,0.0,-0.0,-0.0,neutral
30,tes_cop_1y_pct_1,rates_and_carry,0.0,-0.01197319542642196,-0.0,0.0,0.0,neutral
30,tes_cop_1y_pct_5,rates_and_carry,-0.00738916256157629,-0.07581645798027337,-0.0,0.0,0.0,neutral
30,tes_cop_1y_z_60,rates_and_carry,-1.2348998119421888,-0.9136928760545354,-0.0,0.0,0.0,neutral
30,tes_cop_5y_level,rates_and_carry,11.95,1.2901626866697318,-2.2767943459855397e-05,-2.9374351104111588e-05,-0.09552862096919235,down
30,tes_cop_5y_chg_1,rates_and_carry,0.0,0.0034533305431764727,0.0,0.0,0.0,neutral
30,tes_cop_5y_pct_1,rates_and_carry,0.0,-0.004056997243685379,0.0,-0.0,-0.0,neutral
30,tes_cop_5y_pct_5,rates_and_carry,-0.011579818031430933,-0.3982057125757265,-0.0,0.0,0.0,neutral
30,tes_cop_5y_z_60,rates_and_carry,-1.1978112016763174,-0.8226462098606309,-0.0,0.0,0.0,neutral
30,tes_cop_10y_level,rates_and_carry,11.84,0.9687217982305273,-0.0007587269218946896,-0.0007349953081437366,-2.390285591567327,down
30,tes_cop_10y_chg_1,rates_and_carry,0.0,0.001646337944738003,0.0,0.0,0.0,neutral
30,tes_cop_10y_pct_1,rates_and_carry,0.0,-0.00722269073368649,0.0,-0.0,-0.0,neutral
30,tes_cop_10y_pct_5,rates_and_carry,-0.012510425354462118,-0.4130464526857343,-0.0,0.0,0.0,neutral
30,tes_cop_10y_z_60,rates_and_carry,-1.1765532369147178,-0.8711052933917134,-0.0,0.0,0.0,neutral
30,inflation_level,domestic_macro,6.14,0.21281006076734008,0.0,0.0,0.0,neutral
30,inflation_chg_1,domestic_macro,0.0,0.015525938677707574,-0.0,-0.0,-0.0,neutral
30,inflation_pct_1,domestic_macro,0.0,-0.0011626524594130741,-0.0,0.0,0.0,neutral
30,inflation_pct_5,domestic_macro,0.0,-0.0025997769620173155,-0.0,0.0,0.0,neutral
30,inflation_z_60,domestic_macro,1.9540779104343686,1.2636912788938668,-0.0,-0.0,-0.0,neutral
30,current_account_level,external_flows,-1573.14,0.5236192240886103,-0.00019519943867497472,-0.00010221017862152253,-0.33239874399683966,down
30,current_account_chg_1,external_flows,0.0,0.004702479355489176,-0.0,-0.0,-0.0,neutral
30,current_account_pct_1,external_flows,0.0,0.005336737979033323,0.0,0.0,0.0,neutral
30,current_account_pct_5,external_flows,0.0,0.011933988697013474,0.0,0.0,0.0,neutral
30,current_account_z_60,external_flows,,-0.06288749246112002,-0.0,0.0,0.0,neutral
30,sofr_level,rates_and_carry,3.63,1.0737208155629763,-0.0,-0.0,-0.0,neutral
30,sofr_chg_1,rates_and_carry,0.0,-0.004563782897908148,0.0,-0.0,-0.0,neutral
30,sofr_pct_1,rates_and_carry,0.0,-0.0297980610410785,-0.0,0.0,0.0,neutral
30,sofr_pct_5,rates_and_carry,0.013966480446927276,0.006872302613844048,-0.0,-0.0,-0.0,neutral
30,sofr_z_60,rates_and_carry,0.4513999876079178,0.2864012089097318,0.0,0.0,0.0,neutral
30,vix_level,global_risk,16.5,-0.4181309838092349,-0.0,0.0,0.0,neutral
30,vix_chg_1,global_risk,0.0,0.0009281915839740088,0.0,0.0,0.0,neutral
30,vix_pct_1,global_risk,0.0,-0.033225395619570816,0.0,-0.0,-0.0,neutral
30,vix_pct_5,global_risk,-0.023668639053254337,-0.21955518906062743,0.0,-0.0,-0.0,neutral
30,vix_z_60,global_risk,-0.6266609512382498,-0.43768662979552714,0.0,-0.0,-0.0,neutral
30,broad_usd_level,global_risk,120.5046,1.2241244071003419,-0.0,-0.0,-0.0,neutral
30,broad_usd_chg_1,global_risk,0.0,-0.008120582583677477,0.00020161176827620432,-1.637205014128164e-06,-0.005324370798496344,down
30,broad_usd_pct_1,global_risk,0.0,-0.009319330682356769,0.0008074223795385994,-7.524636155255581e-06,-0.024470944486868228,down
30,broad_usd_pct_5,global_risk,-0.0051687970101717,-0.7929682684372634,0.0,-0.0,-0.0,neutral
30,broad_usd_z_60,global_risk,0.9189796806794398,0.7451964754422156,0.0,0.0,0.0,neutral
30,brent_level,global_risk,69.56,0.129752204363456,0.0,0.0,0.0,neutral
30,brent_chg_1,global_risk,0.0,-0.00672904901727263,-0.0,0.0,0.0,neutral
30,brent_pct_1,global_risk,0.0,-0.024331305365501623,-0.0,0.0,0.0,neutral
30,brent_pct_5,global_risk,0.0,-0.055063484146060125,-0.0,0.0,0.0,neutral
30,brent_z_60,global_risk,-1.321540129215911,-1.143211482790001,-0.0,0.0,0.0,neutral
30,treasury_2y_level,rates_and_carry,4.26,1.0265884142209591,0.0,0.0,0.0,neutral
30,treasury_2y_chg_1,rates_and_carry,0.0,0.0027930025298527374,-0.0,-0.0,-0.0,neutral
30,treasury_2y_pct_1,rates_and_carry,0.0,-0.02091527649777397,-0.0,0.0,0.0,neutral
30,treasury_2y_pct_5,rates_and_carry,0.01187648456057011,0.1010158449473501,0.0,0.0,0.0,neutral
30,treasury_2y_z_60,rates_and_carry,1.6236956978927362,1.1058834704040752,0.0,0.0,0.0,neutral
30,treasury_10y_level,rates_and_carry,4.62,0.8996255915064798,0.0,0.0,0.0,neutral
30,treasury_10y_chg_1,rates_and_carry,0.0,0.002032056887477871,0.0,0.0,0.0,neutral
30,treasury_10y_pct_1,rates_and_carry,0.0,-0.010185129150638513,-0.0,0.0,0.0,neutral
30,treasury_10y_pct_5,rates_and_carry,0.013157894736842257,0.25868074828846294,0.0,0.0,0.0,neutral
30,treasury_10y_z_60,rates_and_carry,1.7749511925570642,1.3064828865577451,0.0,0.0,0.0,neutral
30,trm_realized_vol_20,technical_fx,0.11479999148834791,0.3552648605510398,-0.0,-0.0,-0.0,neutral
30,trm_momentum_5,technical_fx,-0.025318576715680052,-1.4808727348508073,0.0,-0.0,-0.0,neutral
30,trm_momentum_20,technical_fx,-0.05240165226070559,-1.5431597697502246,0.0,-0.0,-0.0,neutral
30,carry_spread_pp,rates_and_carry,7.553,2.985950651158915,-0.0,-0.0,-0.0,neutral
30,carry_to_risk,rates_and_carry,65.79268780491698,2.635716004295246,-0.0,-0.0,-0.0,neutral
30,intercept,base_model,,1.0,0.002315032250065891,0.002315032250065891,7.5287395307617855,up
45,policy_rate,rates_and_carry,12.0,1.411634379022399,0.0,0.0,0.0,neutral
45,ibr_on,rates_and_carry,11.183,2.3394465760035774,-0.0,-0.0,-0.0,neutral
45,reserves,external_flows,66957.39,1.6572633657048352,-0.0,-0.0,-0.0,neutral
45,tes_cop_1y,rates_and_carry,12.09,2.143200257849747,-0.0,-0.0,-0.0,neutral
45,tes_cop_5y,rates_and_carry,11.95,1.2943288996803228,-0.0,-0.0,-0.0,neutral
45,tes_cop_10y,rates_and_carry,11.84,0.9716162785332656,-0.0012100264529556824,-0.0011756813991476078,-3.823445234981927,down
45,inflation,domestic_macro,6.14,0.21271432293197823,0.0,0.0,0.0,neutral
45,current_account,external_flows,-1573.14,0.5359880132277842,-0.00018417154325102564,-9.871373956021216e-05,-0.3210279395611616,down
45,sofr,rates_and_carry,3.63,1.0755027379248505,-0.0,-0.0,-0.0,neutral
45,vix,global_risk,16.5,-0.41819372380125375,-0.0,0.0,0.0,neutral
45,broad_usd,global_risk,120.5046,1.2274920755532985,-0.0,-0.0,-0.0,neutral
45,brent,global_risk,69.56,0.13131965234990894,0.0,0.0,0.0,neutral
45,treasury_2y,rates_and_carry,4.26,1.0279362152751073,0.0,0.0,0.0,neutral
45,treasury_10y,rates_and_carry,4.62,0.9006370506390022,0.0,0.0,0.0,neutral
45,trm_chg_1,technical_fx,3.2400000000002365,0.13675920385574986,0.0,0.0,0.0,neutral
45,trm_pct_1,technical_fx,0.0009972698199682828,0.12252886440741473,0.0,0.0,0.0,neutral
45,trm_pct_5,technical_fx,-0.02500074951281661,-1.4657361826743995,0.0,-0.0,-0.0,neutral
45,trm_z_60,technical_fx,-1.955349525403085,-1.4013451529087328,0.0,-0.0,-0.0,neutral
45,policy_rate_level,rates_and_carry,12.0,1.411634379022399,0.0,0.0,0.0,neutral
45,policy_rate_chg_1,rates_and_carry,0.0,0.020665107888279147,0.0,0.0,0.0,neutral
45,policy_rate_pct_1,rates_and_carry,0.0,0.0024231908505039086,0.0,0.0,0.0,neutral
45,policy_rate_pct_5,rates_and_carry,0.0,0.005418483097638108,0.0,0.0,0.0,neutral
45,policy_rate_z_60,rates_and_carry,2.0929173491365414,1.7355462545484952,-0.0,-0.0,-0.0,neutral
45,ibr_on_level,rates_and_carry,11.183,2.3394465760035774,-0.0,-0.0,-0.0,neutral
45,ibr_on_chg_1,rates_and_carry,0.002000000000000668,0.031498047859888766,0.0,0.0,0.0,neutral
45,ibr_on_pct_1,rates_and_carry,0.0001788748770235049,0.008358075809188107,0.0,0.0,0.0,neutral
45,ibr_on_pct_5,rates_and_carry,-0.0007148601554821665,-0.04463993113299778,0.0,-0.0,-0.0,neutral
45,ibr_on_z_60,rates_and_carry,2.081320247768014,1.6265324850316547,0.0,0.0,0.0,neutral
45,reserves_level,external_flows,66957.39,1.6572633657048352,-0.0,-0.0,-0.0,neutral
45,reserves_chg_1,external_flows,0.0,-0.08326825377574525,-0.0,0.0,0.0,neutral
45,reserves_pct_1,external_flows,0.0,-0.07139427345202662,-0.0,0.0,0.0,neutral
45,reserves_pct_5,external_flows,0.0,-0.16129520558818689,-0.0,0.0,0.0,neutral
45,reserves_z_60,external_flows,-0.6993594824923999,-0.9213897993883433,0.0,-0.0,-0.0,neutral
45,tes_cop_1y_level,rates_and_carry,12.09,2.143200257849747,-0.0,-0.0,-0.0,neutral
45,tes_cop_1y_chg_1,rates_and_carry,0.0,-0.0026245802928029395,0.0,-0.0,-0.0,neutral
45,tes_cop_1y_pct_1,rates_and_carry,0.0,-0.012077919233558635,-0.0,0.0,0.0,neutral
45,tes_cop_1y_pct_5,rates_and_carry,-0.00738916256157629,-0.0761959657269206,-0.0,0.0,0.0,neutral
45,tes_cop_1y_z_60,rates_and_carry,-1.2348998119421888,-0.9202855676006821,-0.0,0.0,0.0,neutral
45,tes_cop_5y_level,rates_and_carry,11.95,1.2943288996803228,-0.0,-0.0,-0.0,neutral
45,tes_cop_5y_chg_1,rates_and_carry,0.0,0.0018689978924398883,0.0,0.0,0.0,neutral
45,tes_cop_5y_pct_1,rates_and_carry,0.0,-0.0052076923064931675,0.0,-0.0,-0.0,neutral
45,tes_cop_5y_pct_5,rates_and_carry,-0.011579818031430933,-0.40152498197025815,-0.0,0.0,0.0,neutral
45,tes_cop_5y_z_60,rates_and_carry,-1.1978112016763174,-0.8263030684552871,-0.0,0.0,0.0,neutral
45,tes_cop_10y_level,rates_and_carry,11.84,0.9716162785332656,-0.0012148915087584037,-0.0011804083665615044,-3.8388178529783343,down
45,tes_cop_10y_chg_1,rates_and_carry,0.0,0.0007941126906022101,0.0,0.0,0.0,neutral
45,tes_cop_10y_pct_1,rates_and_carry,0.0,-0.007998439395792126,0.0,-0.0,-0.0,neutral
45,tes_cop_10y_pct_5,rates_and_carry,-0.012510425354462118,-0.4159938707733042,-0.0,0.0,0.0,neutral
45,tes_cop_10y_z_60,rates_and_carry,-1.1765532369147178,-0.8741381460655973,-0.0,0.0,0.0,neutral
45,inflation_level,domestic_macro,6.14,0.21271432293197823,0.0,0.0,0.0,neutral
45,inflation_chg_1,domestic_macro,0.0,0.015537947153147665,-0.0,-0.0,-0.0,neutral
45,inflation_pct_1,domestic_macro,0.0,-0.001163551492576937,0.0,-0.0,-0.0,neutral
45,inflation_pct_5,domestic_macro,0.0,-0.0026017872776031253,0.0,-0.0,-0.0,neutral
45,inflation_z_60,domestic_macro,1.9540779104343686,1.2637516560740254,-0.0,-0.0,-0.0,neutral
45,current_account_level,external_flows,-1573.14,0.5359880132277842,-0.00017193493989294464,-9.21550668376579e-05,-0.29969841441341566,down
45,current_account_chg_1,external_flows,0.0,0.004706115672372824,-0.0,-0.0,-0.0,neutral
45,current_account_pct_1,external_flows,0.0,0.005340864779526795,0.0,0.0,0.0,neutral
45,current_account_pct_5,external_flows,0.0,0.011943218081781403,0.0,0.0,0.0,neutral
45,current_account_z_60,external_flows,,-0.07491470812894546,-0.0,0.0,0.0,neutral
45,sofr_level,rates_and_carry,3.63,1.0755027379248505,-0.0,-0.0,-0.0,neutral
45,sofr_chg_1,rates_and_carry,0.0,-0.0044206018364457205,0.0,-0.0,-0.0,neutral
45,sofr_pct_1,rates_and_carry,0.0,-0.029800134934495768,-0.0,0.0,0.0,neutral
45,sofr_pct_5,rates_and_carry,0.013966480446927276,0.006795676474360134,0.0,0.0,0.0,neutral
45,sofr_z_60,rates_and_carry,0.4513999876079178,0.2860106200807277,0.0,0.0,0.0,neutral
45,vix_level,global_risk,16.5,-0.41819372380125375,-0.0,0.0,0.0,neutral
45,vix_chg_1,global_risk,0.0,0.0010003501093706205,0.0,0.0,0.0,neutral
45,vix_pct_1,global_risk,0.0,-0.03305467644957981,0.0,-0.0,-0.0,neutral
45,vix_pct_5,global_risk,-0.023668639053254337,-0.21888236506612868,0.0,-0.0,-0.0,neutral
45,vix_z_60,global_risk,-0.6266609512382498,-0.43795121534479386,0.0,-0.0,-0.0,neutral
45,broad_usd_level,global_risk,120.5046,1.2274920755532985,-0.0,-0.0,-0.0,neutral
45,broad_usd_chg_1,global_risk,0.0,-0.007935217207324036,0.0,-0.0,-0.0,neutral
45,broad_usd_pct_1,global_risk,0.0,-0.009152947025067953,0.0,-0.0,-0.0,neutral
45,broad_usd_pct_5,global_risk,-0.0051687970101717,-0.7918678353846277,0.0,-0.0,-0.0,neutral
45,broad_usd_z_60,global_risk,0.9189796806794398,0.7457764660671314,0.0,0.0,0.0,neutral
45,brent_level,global_risk,69.56,0.13131965234990894,0.0,0.0,0.0,neutral
45,brent_chg_1,global_risk,0.0,-0.007535996106999093,-0.0,0.0,0.0,neutral
45,brent_pct_1,global_risk,0.0,-0.024875408713557357,-0.0,0.0,0.0,neutral
45,brent_pct_5,global_risk,0.0,-0.056126601124362206,-0.0,0.0,0.0,neutral
45,brent_z_60,global_risk,-1.321540129215911,-1.1460547851210336,-0.0,0.0,0.0,neutral
45,treasury_2y_level,rates_and_carry,4.26,1.0279362152751073,0.0,0.0,0.0,neutral
45,treasury_2y_chg_1,rates_and_carry,0.0,0.003034763364077925,0.0,0.0,0.0,neutral
45,treasury_2y_pct_1,rates_and_carry,0.0,-0.020858028306875265,0.0,-0.0,-0.0,neutral
45,treasury_2y_pct_5,rates_and_carry,0.01187648456057011,0.10103374910928377,0.0,0.0,0.0,neutral
45,treasury_2y_z_60,rates_and_carry,1.6236956978927362,1.1075184776661189,-0.0,-0.0,-0.0,neutral
45,treasury_10y_level,rates_and_carry,4.62,0.9006370506390022,0.0,0.0,0.0,neutral
45,treasury_10y_chg_1,rates_and_carry,0.0,0.0020841680741590886,0.0,0.0,0.0,neutral
45,treasury_10y_pct_1,rates_and_carry,0.0,-0.010163430115259178,-0.0,0.0,0.0,neutral
45,treasury_10y_pct_5,rates_and_carry,0.013157894736842257,0.258498489400136,0.0,0.0,0.0,neutral
45,treasury_10y_z_60,rates_and_carry,1.7749511925570642,1.3071604061417605,-0.0,-0.0,-0.0,neutral
45,trm_realized_vol_20,technical_fx,0.11479999148834791,0.35672861061125405,-0.0,-0.0,-0.0,neutral
45,trm_momentum_5,technical_fx,-0.025318576715680052,-1.4824302245561687,0.0,-0.0,-0.0,neutral
45,trm_momentum_20,technical_fx,-0.05240165226070559,-1.547047883849054,0.0,-0.0,-0.0,neutral
45,carry_spread_pp,rates_and_carry,7.553,3.0089322859449217,-0.0,-0.0,-0.0,neutral
45,carry_to_risk,rates_and_carry,65.79268780491698,2.6488740056264306,-0.0,-0.0,-0.0,neutral
45,intercept,base_model,,1.0,0.003436248646461216,0.003436248646461216,11.175058585642985,up
60,policy_rate,rates_and_carry,12.0,1.4137688054832136,0.0,0.0,0.0,neutral
60,ibr_on,rates_and_carry,11.183,2.3481502505265404,-0.0,-0.0,-0.0,neutral
60,reserves,external_flows,66957.39,1.6617010811540003,-0.0,-0.0,-0.0,neutral
60,tes_cop_1y,rates_and_carry,12.09,2.156933078825608,-0.0,-0.0,-0.0,neutral
60,tes_cop_5y,rates_and_carry,11.95,1.301128774399468,-0.0,-0.0,-0.0,neutral
60,tes_cop_10y,rates_and_carry,11.84,0.9763051885251488,-0.0013858193462135367,-0.0013529826180668054,-4.400048302041238,down
60,inflation,domestic_macro,6.14,0.2126272706252922,0.0,0.0,0.0,neutral
60,current_account,external_flows,-1573.14,0.5364738828885599,-0.0001693512675434948,-9.085253207115801e-05,-0.2954624280739337,down
60,sofr,rates_and_carry,3.63,1.0769608380800773,-0.0,-0.0,-0.0,neutral
60,vix,global_risk,16.5,-0.41848781617166797,-0.0,0.0,0.0,neutral
60,broad_usd,global_risk,120.5046,1.2306511727258471,-0.0,-0.0,-0.0,neutral
60,brent,global_risk,69.56,0.1332856628992443,0.0,0.0,0.0,neutral
60,treasury_2y,rates_and_carry,4.26,1.0291116936953546,0.0,0.0,0.0,neutral
60,treasury_10y,rates_and_carry,4.62,0.9016415358394754,0.0,0.0,0.0,neutral
60,trm_chg_1,technical_fx,3.2400000000002365,0.13589767816503484,0.0,0.0,0.0,neutral
60,trm_pct_1,technical_fx,0.0009972698199682828,0.12176411069486298,0.0,0.0,0.0,neutral
60,trm_pct_5,technical_fx,-0.02500074951281661,-1.468120894388118,0.0,-0.0,-0.0,neutral
60,trm_z_60,technical_fx,-1.955349525403085,-1.4005142181334076,0.0,-0.0,-0.0,neutral
60,policy_rate_level,rates_and_carry,12.0,1.4137688054832136,0.0,0.0,0.0,neutral
60,policy_rate_chg_1,rates_and_carry,0.0,0.020679661879648127,-0.0,-0.0,-0.0,neutral
60,policy_rate_pct_1,rates_and_carry,0.0,0.0024248967325132538,0.0,0.0,0.0,neutral
60,policy_rate_pct_5,rates_and_carry,0.0,0.005422297700259177,0.0,0.0,0.0,neutral
60,policy_rate_z_60,rates_and_carry,2.0929173491365414,1.7412920853775518,-0.0,-0.0,-0.0,neutral
60,ibr_on_level,rates_and_carry,11.183,2.3481502505265404,-0.0,-0.0,-0.0,neutral
60,ibr_on_chg_1,rates_and_carry,0.002000000000000668,0.03152046556850352,0.0,0.0,0.0,neutral
60,ibr_on_pct_1,rates_and_carry,0.0001788748770235049,0.00836536040011327,0.0,0.0,0.0,neutral
60,ibr_on_pct_5,rates_and_carry,-0.0007148601554821665,-0.044608537102454264,0.0,-0.0,-0.0,neutral
60,ibr_on_z_60,rates_and_carry,2.081320247768014,1.6276484544518852,0.0,0.0,0.0,neutral
60,reserves_level,external_flows,66957.39,1.6617010811540003,-0.0,-0.0,-0.0,neutral
60,reserves_chg_1,external_flows,0.0,-0.0833272796308214,0.0,-0.0,-0.0,neutral
60,reserves_pct_1,external_flows,0.0,-0.07144478987260691,-0.0,0.0,0.0,neutral
60,reserves_pct_5,external_flows,0.0,-0.16141171108124636,-0.0,0.0,0.0,neutral
60,reserves_z_60,external_flows,-0.6993594824923999,-0.9201624407960447,0.0,-0.0,-0.0,neutral
60,tes_cop_1y_level,rates_and_carry,12.09,2.156933078825608,-0.0,-0.0,-0.0,neutral
60,tes_cop_1y_chg_1,rates_and_carry,0.0,-0.002706137993615214,0.0,-0.0,-0.0,neutral
60,tes_cop_1y_pct_1,rates_and_carry,0.0,-0.012092946703018298,-0.0,0.0,0.0,neutral
60,tes_cop_1y_pct_5,rates_and_carry,-0.00738916256157629,-0.07618569709552903,-0.0,0.0,0.0,neutral
60,tes_cop_1y_z_60,rates_and_carry,-1.2348998119421888,-0.9188305421030168,-0.0,0.0,0.0,neutral
60,tes_cop_5y_level,rates_and_carry,11.95,1.301128774399468,-0.0,-0.0,-0.0,neutral
60,tes_cop_5y_chg_1,rates_and_carry,0.0,0.0010740518321988026,0.0,0.0,0.0,neutral
60,tes_cop_5y_pct_1,rates_and_carry,0.0,-0.005741673180941177,0.0,-0.0,-0.0,neutral
60,tes_cop_5y_pct_5,rates_and_carry,-0.011579818031430933,-0.4021972064791356,-0.0,0.0,0.0,neutral
60,tes_cop_5y_z_60,rates_and_carry,-1.1978112016763174,-0.8245578441492017,-0.0,0.0,0.0,neutral
60,tes_cop_10y_level,rates_and_carry,11.84,0.9763051885251488,-0.0013801292541854027,-0.0013474273516965525,-4.381981964725876,down
60,tes_cop_10y_chg_1,rates_and_carry,0.0,0.00020223475680270373,0.0,0.0,0.0,neutral
60,tes_cop_10y_pct_1,rates_and_carry,0.0,-0.008494287855008937,0.0,-0.0,-0.0,neutral
60,tes_cop_10y_pct_5,rates_and_carry,-0.012510425354462118,-0.4171171384038673,-0.0,0.0,0.0,neutral
60,tes_cop_10y_z_60,rates_and_carry,-1.1765532369147178,-0.8727998257251992,-0.0,0.0,0.0,neutral
60,inflation_level,domestic_macro,6.14,0.2126272706252922,0.0,0.0,0.0,neutral
60,inflation_chg_1,domestic_macro,0.0,0.015548888162886193,-0.0,-0.0,-0.0,neutral
60,inflation_pct_1,domestic_macro,0.0,-0.001164370607827642,0.0,-0.0,-0.0,neutral
60,inflation_pct_5,domestic_macro,0.0,-0.0026036188898739634,0.0,-0.0,-0.0,neutral
60,inflation_z_60,domestic_macro,1.9540779104343686,1.264184915971061,-0.0,-0.0,-0.0,neutral
60,current_account_level,external_flows,-1573.14,0.5364738828885599,-0.00012611870036991933,-6.765938889230948e-05,-0.22003577521056858,down
60,current_account_chg_1,external_flows,0.0,0.004709428745652764,-0.0,-0.0,-0.0,neutral
60,current_account_pct_1,external_flows,0.0,0.005344624735844456,0.0,0.0,0.0,neutral
60,current_account_pct_5,external_flows,0.0,0.011951627039857358,0.0,0.0,0.0,neutral
60,current_account_z_60,external_flows,,-0.07396465576645588,-0.0,0.0,0.0,neutral
60,sofr_level,rates_and_carry,3.63,1.0769608380800773,-0.0,-0.0,-0.0,neutral
60,sofr_chg_1,rates_and_carry,0.0,-0.004227934895486255,0.0,-0.0,-0.0,neutral
60,sofr_pct_1,rates_and_carry,0.0,-0.029792561811523496,0.0,-0.0,-0.0,neutral
60,sofr_pct_5,rates_and_carry,0.013966480446927276,0.006743879173958592,0.0,0.0,0.0,neutral
60,sofr_z_60,rates_and_carry,0.4513999876079178,0.2797664478308871,0.0,0.0,0.0,neutral
60,vix_level,global_risk,16.5,-0.41848781617166797,-0.0,0.0,0.0,neutral
60,vix_chg_1,global_risk,0.0,0.0007532235268200315,0.0,0.0,0.0,neutral
60,vix_pct_1,global_risk,0.0,-0.03342837959662923,0.0,-0.0,-0.0,neutral
60,vix_pct_5,global_risk,-0.023668639053254337,-0.21931938157205672,0.0,-0.0,-0.0,neutral
60,vix_z_60,global_risk,-0.6266609512382498,-0.4390007086004621,0.0,-0.0,-0.0,neutral
60,broad_usd_level,global_risk,120.5046,1.2306511727258471,-0.0,-0.0,-0.0,neutral
60,broad_usd_chg_1,global_risk,0.0,-0.008126994793132697,0.0,-0.0,-0.0,neutral
60,broad_usd_pct_1,global_risk,0.0,-0.009325586641494122,0.0,-0.0,-0.0,neutral
60,broad_usd_pct_5,global_risk,-0.0051687970101717,-0.7907358729906517,0.0,-0.0,-0.0,neutral
60,broad_usd_z_60,global_risk,0.9189796806794398,0.7449760645805144,0.0,0.0,0.0,neutral
60,brent_level,global_risk,69.56,0.1332856628992443,0.0,0.0,0.0,neutral
60,brent_chg_1,global_risk,0.0,-0.009505340166967172,-0.0,0.0,0.0,neutral
60,brent_pct_1,global_risk,0.0,-0.026014119383178352,-0.0,0.0,0.0,neutral
60,brent_pct_5,global_risk,0.0,-0.05754097728186551,-0.0,0.0,0.0,neutral
60,brent_z_60,global_risk,-1.321540129215911,-1.1466504077292667,-0.0,0.0,0.0,neutral
60,treasury_2y_level,rates_and_carry,4.26,1.0291116936953546,0.0,0.0,0.0,neutral
60,treasury_2y_chg_1,rates_and_carry,0.0,0.0027485147851429082,-0.0,-0.0,-0.0,neutral
60,treasury_2y_pct_1,rates_and_carry,0.0,-0.02095888973854202,-0.0,0.0,0.0,neutral
60,treasury_2y_pct_5,rates_and_carry,0.01187648456057011,0.10095447564822302,-0.0,-0.0,-0.0,neutral
60,treasury_2y_z_60,rates_and_carry,1.6236956978927362,1.1091574336215952,-0.0,-0.0,-0.0,neutral
60,treasury_10y_level,rates_and_carry,4.62,0.9016415358394754,0.0,0.0,0.0,neutral
60,treasury_10y_chg_1,rates_and_carry,0.0,0.0017387513999835048,-0.0,-0.0,-0.0,neutral
60,treasury_10y_pct_1,rates_and_carry,0.0,-0.010361494074178768,-0.0,0.0,0.0,neutral
60,treasury_10y_pct_5,rates_and_carry,0.013157894736842257,0.2583944617688538,-0.0,-0.0,-0.0,neutral
60,treasury_10y_z_60,rates_and_carry,1.7749511925570642,1.3092471600457447,-0.0,-0.0,-0.0,neutral
60,trm_realized_vol_20,technical_fx,0.11479999148834791,0.3569842417094624,-0.0,-0.0,-0.0,neutral
60,trm_momentum_5,technical_fx,-0.025318576715680052,-1.4849134599002958,0.0,-0.0,-0.0,neutral
60,trm_momentum_20,technical_fx,-0.05240165226070559,-1.545974859695496,0.0,-0.0,-0.0,neutral
60,carry_spread_pp,rates_and_carry,7.553,3.033185890460825,-0.0,-0.0,-0.0,neutral
60,carry_to_risk,rates_and_carry,65.79268780491698,2.672457520355442,-0.0,-0.0,-0.0,neutral
60,intercept,base_model,,1.0,0.004646888498293741,0.004646888498293741,15.11219255418606,up
